"CUSTOMER_ID";"FIRST_NAME";"LAST_NAME";"GENDER";"BIRTHDAY";"STREET";"CITY";"STATE";"ZIP";"CCNUMBER";"EMAIL"
"0043486BF33143F05ECC74590BCB204795671AE7";"Gordon";"Parsons";"Male";"6/9/1993";"Urupa Circle";"Bangeeji";"NE";"46403";"4226652635533704";"vuzimjuv@vaji.gov"
"050875E94603F11616930D691B6FD8AD6F59AF1B";"Mike";"Bass";"Female";"9/11/1969";"Lovpa Circle";"Vinogus";"WY";"20787";"6334274738853857";"vukwirleh@uni.gov"
"0755B20628E66CE803406D05750B78FE0338BCC8";"Ricardo";"Bates";"Male";"4/17/1969";"Fabur Turnpike";"Meswufzo";"NV";"11892";"4903485691677507";"bide@lef.co.uk"
"083A22A410465BEE82A917D491C94C3C92417D55";"Olivia";"Parks";"Male";"5/10/1953";"Gubat Pike";"Tinizok";"HI";"44731";"344550359815940";"zap@fob.gov"
"08427F917738BE3E20CA88A04B73717FD3CCB23F";"Violet";"Vasquez";"Male";"5/17/1989";"Zenwi Parkway";"Tottifo";"NC";"28481";"6232168337789731";"ma@pew.com"
"084ECDDA238B8C4B24A18692E9B9584A8D06CDD2";"Vernon";"Mendez";"Male";"10/2/1980";"Epju River";"Lazuhsar";"AR";"69790";"5407547482388368";"ed@ehialare.co.uk"
"091CAB67C2CEEF013EA8FAF6C9CD2F9EFEC8C0C3";"Mae";"Joseph";"Male";"4/18/1960";"Olaha View";"Erpogob";"ID";"36765";"3528642138780651";"cebu@kevina.co.uk"
"094ECDAEF33851F0FB4E46483D1CABD4678D9DF1";"Ethel";"Ball";"Female";"11/15/1955";"Sajkuh Path";"Ihkikor";"WI";"62869";"5124068336895484";"sev@gu.com"
"09A37BA9A0928424973DEE87CF1F52E5765D8428";"Frank";"Martin";"Male";"1/6/1957";"Bena Lane";"Gepirnaz";"SD";"31082";"342981649914015";"bentohoh@povini.edu"
"0FB3F22331454744542502C38E3E5E3234C4EE01";"Myrtle";"Gutierrez";"Male";"10/1/1980";"Vulu Lane";"Uflelka";"IA";"8790";"6011501236160215";"dorsewo@huv.edu"
"136F330AA4E8B308FF2CF2B8ED6A33572A3036E7";"Devin";"Medina";"Male";"10/1/1985";"Vasmu Ridge";"Lolnolov";"NM";"53489";"5474632047002221";"aha@hig.edu"
"13A0EE40150B876C7E1DB3195BF2D50990D0F070";"Lydia";"Hudson";"Female";"6/25/1989";"Icmo Center";"Helaoga";"MS";"3158";"6304618116449132";"sokatofe@zefochu.gov"
"144D7B880F729A07BDEE1EA1F31F0AC8DE47234F";"Dennis";"Day";"Female";"11/6/1988";"Huozo Ridge";"Gutesmu";"KS";"83044";"4903976411203020";"lukujemod@ipuhok.co.uk"
"1B6AAEDB15036E9549C986D6FBC6908F759A8F8A";"Garrett";"Bryan";"Male";"4/18/1995";"Gaaw Mill";"Okuodiwa";"NM";"58313";"5138515448946633";"fuhwatwi@ibigow.co.uk"
"15853B8E0EFAF976EA2C4EF2E732A433578A0C35";"Justin";"Williamson";"Female";"7/18/1992";"Suoho Glen";"Bipicdow";"IL";"13978";"5146915046706571";"sagunbu@fu.gov"
"15E5379C54D5032732AF0930088B07D32EDDF488";"Esther";"Hanson";"Female";"3/10/1972";"Falre Point";"Jordate";"HI";"2089";"201414515751857";"ocata@turhivre.gov"
"170BCDA1E373B2A33E7C8EFFED5ABB3147EA5C3A";"Phoebe";"Obrien";"Male";"11/30/1991";"Haje Terrace";"Hukekciv";"DE";"84000";"3528697536948003";"dodmo@zuj.gov"
"170E6C60A32C5B913B91D6B2695A8A7432FD2DB7";"Jesse";"Pena";"Male";"5/28/1967";"Honasi Square";"Numadbal";"NV";"1862";"4026901345670344";"iz@je.gov"
"1747C7ADA88CC72BE3FB61C19105CA723417061B";"Maude";"Higgins";"Female";"4/30/1973";"Miwzak Ridge";"Rebeveati";"GA";"99533";"6011546731854721";"maigmoz@bet.org"
"0EFA076EBEAAC3DD50BD40D51B79B5A13360316F";"Seth";"Norman";"Female";"6/9/1986";"Weuw Street";"Lawfukog";"IN";"93173";"36177469701373";"da@esjov.gov"
"21ECE5BFFE1825F77BBC191E9929546B39B228C8";"Bobby";"Robinson";"Female";"3/24/1977";"Imaluc Terrace";"Zeazudop";"MO";"54442";"5610189930464278";"ah@vohram.com"
"21FE09A026E393E9E836CB2A775BB0A21260989A";"Chad";"Boone";"Male";"8/7/1998";"Jomot Glen";"Dezour";"TN";"59028";"6334034314018022";"nugi@melmutoca.edu"
"23B7209DD4C8C56398169411399445139EF5E067";"Scott";"Hart";"Female";"4/12/1999";"Waeb Path";"Hajevil";"MA";"26425";"36086941611094";"jorikfi@ufkofda.co.uk"
"23C3BBEC3C3E359831286EF516E1EADB83EE333E";"Brett";"Myers";"Female";"4/22/1981";"Ilizif Manor";"Arubeosu";"ND";"41089";"6334317722857671";"ku@cal.org"
"2B92BDD108329C8397CCD9115F95C03F52FE503D";"Bertha";"Jacobs";"Male";"10/10/1954";"Wewva Mill";"Opmideh";"SC";"66067";"30065516120919";"zuwti@pepobe.gov"
"1A8A46D53C7630919A2C2F5320202C9E4CFDCEFE";"Floyd";"Cole";"Female";"7/31/1964";"Veltu Turnpike";"Ropkisor";"ME";"79483";"6011168277486709";"togfeow@kijzen.gov"
"1A5799FACE8C88C87C6AFD1158DEE1FE99E37D24";"Lettie";"Hart";"Male";"12/8/1955";"Jubab Mill";"Zoweer";"PA";"39881";"5407013210031432";"zaluj@peg.com"
"11D46F26D4F71A3081934DEECE9B98F8A37F6D85";"Stanley";"Johnston";"Female";"2/8/1957";"Wuzbi Park";"Vabgeag";"LA";"8482";"6334310608564743";"vowij@cum.com"
"11DFD03E65558C1A1E2D66B269A652C2A32BE5AC";"Fanny";"Myers";"Female";"6/18/1992";"Tizho Path";"Ikirujaro";"PA";"49343";"342046667178214";"oga@pakmat.com"
"1212D5EBB2A2DBBD3FD937632FC119119979ACE0";"Jayden";"Little";"Male";"5/13/1989";"Raak Square";"Cicewo";"OR";"6152";"4835645111351651";"wicajsog@luh.org"
"0BDEB3AA6797D6E17D7626A2F0CBCE7A823E2E71";"Micheal";"Alvarado";"Female";"5/15/1970";"Wader Junction";"Poanmeg";"UT";"84904";"3528275050022149";"bo@duvuugu.edu"
"0D68E319C124E969BE1107448C6C369CD800F634";"Adelaide";"Jones";"Female";"2/26/1975";"Sowaz Lane";"Reflewe";"GA";"27204";"341836136653073";"tosewo@bupwakek.com"
"2933A222806F82A1E672A02DAF108949E2FB43C3";"Alvin";"Gutierrez";"Female";"6/23/1953";"Pizes Pass";"Iseomaze";"MI";"92448";"36708416242648";"zafja@eku.gov"
"2B4EB730C2811328EC0FF46F6AAD7847B04F9006";"Ruth";"Soto";"Male";"10/15/1960";"Ahhej Avenue";"Huwseen";"RI";"19580";"341924009815829";"gugih@bo.gov"
"1E27206E8D3005D43708C35BF0502A66E57B1C32";"Edward";"Brown";"Male";"4/25/1955";"Duwe Loop";"Esuhuhup";"ID";"5076";"4600533097623751";"ebga@tesu.co.uk"
"1FC13853A2B365964D6D96BE52440E67431C0E76";"Adelaide";"Stokes";"Male";"11/21/1960";"Nugez Extension";"Isohomme";"DE";"44076";"5018076890452021";"heuloeha@lavkosji.org"
"20AE676E00EE7064F3790247BA4BCD04CF996AAA";"Russell";"Wilson";"Female";"3/1/1992";"Owaci Park";"Cuwalar";"OH";"51524";"3528743463330045";"ja@ruv.org"
"2C7E1DB646CF85697D363DD9C00C73E8600D1200";"Amelia";"Jensen";"Male";"9/24/1992";"Casaj River";"Vobegezu";"AR";"20001";"6371052682593065";"jig@zadfiska.com"
"2D5ECA6B31D843BF02D223D0F926B7DAD7479926";"Leo";"Oliver";"Female";"3/19/1994";"Ginfat Terrace";"Adcunfiv";"VA";"69566";"6284514257282537";"pelcibku@zo.gov"
"2513B601655256D4C55A9F57440CED7F469ADCFC";"Luella";"Barton";"Male";"11/16/1959";"Vopo Highway";"Uzcikze";"NV";"92938";"201497337158880";"wul@elposot.co.uk"
"25484918274B2F082B35090AF03D67C5483426C8";"Ora";"Clayton";"Male";"10/10/1998";"Enhoz Highway";"Gojigmar";"MI";"49437";"6377158242765384";"im@usu.edu"
"2699EFAC88B147BDA1C701E4FB5D284AB539F8E9";"Helen";"Schneider";"Male";"1/4/1990";"Pujso Key";"Icokeew";"NY";"74530";"4601589721158795";"ihesakab@zugripa.edu"
"270A9644C1B7E2B5DC543704C0AC9635344E3A1D";"Eugene";"Bishop";"Female";"6/12/1970";"Murbef River";"Uhubaif";"ID";"51340";"4026501539116805";"ciz@buh.com"
"37C5ABADB4CE5BDA22B2BC0D8AB192254808516D";"Jose";"Vaughn";"Female";"7/10/1982";"Zofot Highway";"Ricirico";"IL";"99217";"36991097253031";"ducduvu@za.co.uk"
"3805603AF724ABFF29AA0856CB1CCC34321B0F5D";"Christine";"Evans";"Male";"4/13/1954";"Zihew Key";"Tigbamvi";"WV";"82155";"201499287450671";"det@lubcap.edu"
"386C00712D7F62205CB25BF8DFAEBB5184661BAE";"Samuel";"Franklin";"Male";"2/12/1996";"Zegon Mill";"Suvazkoj";"OR";"71925";"4554447588765466";"najos@zihme.co.uk"
"3902D0DB06A1B5030CA5F3DA04D76C57F2A596F2";"Ina";"Rice";"Female";"9/11/1984";"Budew Parkway";"Rolikwe";"AR";"11289";"30041772177711";"ur@ku.com"
"390C86F8E7A270AAE46A7CA48CA82A043E62881F";"Alma";"Fields";"Male";"7/9/1982";"Ocba View";"Pusevih";"IL";"42266";"6011772539502672";"razvu@bikagod.gov"
"3A58703B282F7D2A7AE06C3BEE983A5EFDACA476";"Sally";"Weber";"Female";"12/25/1991";"Ovbuz Point";"Lapiso";"VT";"92382";"5424347952563718";"am@lazgame.edu"
"37219B03CEF6EBFCD592C2E4CDF075D28F660AB3";"Lily";"Buchanan";"Male";"7/27/1965";"Ufam Loop";"Kupunejaz";"RI";"24076";"6203726340054974";"benza@boje.com"
"2FEF27736AFDC47B466826691F353E3349375950";"Ora";"Burns";"Male";"9/17/1963";"Honu Path";"Diifagu";"RI";"3328";"6234637792418190";"meubu@vitoko.com"
"300F28AABB0365544BBAF895ECA810A5279B21B3";"Lester";"Wells";"Male";"8/16/1958";"Awked Ridge";"Hocwubew";"VT";"79255";"4405732546676231";"sehku@juhe.gov"
"31A901152F0B0FE5520E1B9A92B21AA36ED4F93F";"Linnie";"Parker";"Male";"10/27/1983";"Arebi Ridge";"Ezinudtub";"DE";"86077";"4026285783376261";"ivojusezu@bolluko.edu"
"3FEE54C59B1FE31179F88480EF449E8BE6BF9508";"Aaron";"Barton";"Female";"5/26/1988";"Ferji Pass";"Rawegvi";"IA";"35734";"5127713536860427";"co@bot.com"
"3FEFD643F3DB5776CF40B5E5CF30C8D8FAC24ECD";"Trevor";"Long";"Female";"2/16/1962";"Ikva Court";"Giwjinat";"OR";"18914";"5151732540435447";"vucgoesa@viujupi.co.uk"
"3B1036E03060D45AE1304E438A5732674ABEE2A6";"Edna";"Henry";"Male";"2/19/1962";"Cehho Plaza";"Adpowcu";"CO";"10005";"5610491010567586";"joerawa@fuz.com"
"3BEAC5AA579819BC984F712378F263403BA5531D";"Craig";"Owen";"Male";"12/15/1971";"Lulu Loop";"Edogoncu";"VT";"3108";"5136262416494492";"of@rajuz.co.uk"
"2E9DE0E26EDA15E22883599A9C1345071AE0F015";"Jared";"Elliott";"Male";"1/8/1980";"Indi Highway";"Zuzsewi";"KY";"3274";"6334079550156259";"repmeuko@comuv.gov"
"2EE9632223D15AD8F84D18F177DD9BC1222D0F61";"Cody";"Hammond";"Female";"7/8/1960";"Kora Park";"Loteet";"ME";"80326";"30086677447503";"wezednuk@of.co.uk"
"2F8E074F7FED2D35DBFC76F6FE158DFA7B1975AB";"Josephine";"Washington";"Female";"5/2/1989";"Zucrup Key";"Cunafisi";"NJ";"35612";"5018192646911606";"nipzaho@bo.gov"
"4772EEF996C85549CD1191E58FB61F0D2BA3DB7E";"Katherine";"Ruiz";"Male";"1/2/1975";"Upwad Ridge";"Wefekmum";"HI";"89894";"345302914008366";"ilusib@hewekej.org"
"4966DD2E33033EBEE98A1A974BAB9C5C3CB8B5C3";"Josephine";"Luna";"Female";"5/7/1983";"Wija Center";"Josildiw";"ME";"44430";"6249947350493615";"ovdet@lecgeb.com"
"3DFD57689D0D5ECF88BDB689B5123FC4D3677784";"Gregory";"Long";"Male";"9/24/1954";"Ruur Place";"Zeazona";"KS";"99237";"341451197606109";"edawe@zuktiweb.co.uk"
"3E9566DFDDDC5FAE9CC3E660400662AE5416CE28";"Mittie";"Walker";"Female";"3/24/1997";"Liho Heights";"Otehajoz";"PA";"47737";"5103098488846311";"hun@te.edu"
"3EED9C7DB976745669341586CE72B0E0C5368944";"Mable";"Warner";"Male";"1/31/1984";"Jawvel Path";"Niuvulih";"ND";"88857";"6334848012098220";"ru@ukahej.com"
"3EF4742F8B78B031551CAE0B84C8DAB8078C5CD7";"Edna";"Cook";"Female";"4/3/1976";"Kitva Place";"Ockatmaj";"MI";"90775";"4022847471138305";"naalebuv@tega.org"
"32A38516B7D61533B8E4E07298D015BF776044FB";"Adele";"Barton";"Male";"1/22/1981";"Tezu Place";"Alujajag";"TX";"26076";"347144597928314";"hazi@bega.org"
"33D69273AA2F975387B8244424F7AED27B6A7BA1";"Gertrude";"Atkins";"Male";"10/14/1971";"Duswug Circle";"Kanaghoh";"VA";"80314";"3528071598592325";"seozuom@doc.com"
"448196FAE369886D108ED295A1BA4D643E0EED1D";"Micheal";"Watts";"Female";"3/9/1986";"Jespul Square";"Kegameof";"VA";"64004";"4890809205284481";"cu@sac.org"
"540C94000053786ED5F49A637038A7A444FA97AF";"John";"Barrett";"Female";"9/29/1958";"Caazo View";"Odufatub";"MT";"10042";"6213069157601886";"ewuhevted@nid.org"
"5426DAB7CDD90B87CAA900E70EE7007539BB30D1";"Willie";"Morales";"Female";"11/5/1973";"Ecaluc Parkway";"Wagorlis";"WY";"38153";"5149655567351194";"ejzosmu@desabi.co.uk"
"547EE83BC8B6AFA8707988F56A711D686CA62AA6";"Mabel";"Morton";"Female";"5/2/1977";"Siaka Turnpike";"Hefbiwcol";"OK";"94678";"6011864738751984";"kujabopu@nidcake.edu"
"549CD2DB1C37AF236CA55FDF2615674BE572DAA6";"Jim";"Brewer";"Female";"5/20/1976";"Markef Parkway";"Gavtopel";"CT";"45264";"6277860749859344";"naikgo@wup.com"
"555D72F11F5A4BE10E12C33B0AA86F5D42C01EE1";"Olive";"Sparks";"Male";"9/11/1972";"Somupe Turnpike";"Rokmezen";"WA";"35942";"5610434953100551";"kutu@bijhovek.org"
"4DAF64AB0A72BEC2A4C2C356B4ABBC461FAA0650";"Josie";"Wong";"Male";"7/13/1956";"Tindo Terrace";"Padnibmi";"WY";"98496";"4787339830062603";"favam@wugaiza.co.uk"
"4ECD5CBAFCB2BC4D33EB96C39034953481546F50";"Wayne";"Hopkins";"Male";"1/15/1966";"Ibebac Square";"Bufgiivu";"SC";"10698";"6379322728215615";"ihivek@puwajapa.org"
"4A6AA4D6DBA144575E853D38A1567E1E5B280149";"Marian";"Mathis";"Female";"2/25/1986";"Limne Parkway";"Pajumoto";"WV";"23064";"6284209793067670";"vezlemibe@edfut.co.uk"
"4B63E6C9095884BD3D7027A03D52F44089B552BE";"Nicholas";"Fields";"Male";"2/2/1952";"Jupni Extension";"Gakijrac";"AL";"18367";"6304630688549785";"nira@ra.co.uk"
"4BB770E9090631598353F32FD0CF668F9690C810";"Mae";"Guzman";"Male";"5/5/1964";"Ecfe Heights";"Ojteur";"FL";"28645";"4903152886864502";"dacvaico@kadadag.gov"
"4BBD94997533C21849B2FCF5A570EA025B6F0E77";"Adelaide";"Garner";"Female";"1/4/1987";"Odibo Manor";"Arakinusi";"NY";"32932";"4170032652583047";"kepfosib@bael.co.uk"
"4C1427C824CFC32730E14E5EE01557D7D51E726D";"Mason";"Walters";"Male";"10/30/1999";"Gudo View";"Zakivuti";"ND";"56987";"4903397886013515";"lovogto@elicak.gov"
"4D0DD087CC22F57F9D72FD223272C80544BDC83C";"Emma";"Austin";"Female";"1/18/1955";"Zigci Road";"Mokirog";"OK";"29451";"36502244297803";"sawa@pawahup.co.uk"
"4230AE40D9ECFD5A214A71882A932DF28842316F";"Cecilia";"Banks";"Female";"4/5/1992";"Manbow Highway";"Kiwugnah";"IL";"54610";"4903382495343701";"isidis@re.gov"
"4291073BDAA1E965AB270D33DD7E414F0787701A";"Madge";"Dennis";"Female";"8/10/1973";"Pimseh Loop";"Fopeczep";"MT";"69617";"3528562015218296";"is@coctig.gov"
"4298714413CFA0B2354E28CC4627959EF66217A7";"Andre";"Beck";"Male";"12/14/1970";"Isewi Park";"Vamobo";"AL";"52020";"30041017442649";"fil@sipoula.edu"
"5B37336F7EF67A294EBDBA78F64A0B567DB3B44C";"Catherine";"James";"Female";"9/19/1992";"Nisa Lane";"Addoleh";"NC";"24283";"5610515259849568";"ef@kebiwlof.gov"
"5B47BE9CACD996F46C5DA86D0A2478A0739AFAC0";"Martha";"Vaughn";"Female";"9/30/1976";"Javic Pass";"Jopimup";"NC";"4496";"5123193961415134";"ubu@jul.org"
"5BDA99D06B93AF54F389E68218D92F2572078B30";"Marie";"Nelson";"Female";"11/14/1983";"Rizpo Center";"Fogogep";"GA";"4174";"6204591984938943";"re@gugkabi.com"
"5CFD249BF8F61BA3C2BA967FE82542B5612E5F77";"Emily";"Colon";"Female";"1/22/1998";"Mupne Park";"Awunjev";"DE";"46864";"36218566335937";"efoafcob@hoje.org"
"5DE16569E3FC2B09EA069303DC7D36C28F9CA2B2";"Alma";"Terry";"Female";"10/31/1995";"Kakaj Highway";"Decepinu";"FL";"38306";"5118080833901440";"liltiheb@ireta.org"
"5E6602933FAA8E4725640BA2552416E268EF5458";"Sallie";"Dixon";"Male";"1/24/1975";"Ejuwo Terrace";"Hojhiwa";"WV";"75655";"3528640574844312";"tubor@mavce.co.uk"
"5EB2688F4D215B4BC047EC7738A02F47E19E5BE4";"Christian";"Pierce";"Male";"3/6/1986";"Dampo Ridge";"Jussupe";"NJ";"4157";"4107096229145620";"pavopo@kuhudrem.org"
"5F374115777CE957C5C61C11289FCCA2C4A05F32";"Tommy";"Lucas";"Male";"5/5/1972";"Lecizu Place";"Ehjareg";"NE";"30789";"6375966463056149";"zabzagim@fog.co.uk"
"5F552FE0AEFF0714F363B7CE4C3794D1ED146013";"Allie";"Osborne";"Female";"7/1/1970";"Nebhaz Manor";"Ukezes";"OH";"35906";"4099326278448975";"uduhiga@kelechu.org"
"5566B5EE90ACF5E378DE25AB90B371EACC1ACC09";"Lina";"Pierce";"Male";"1/10/1998";"Nosruh Junction";"Valkimoc";"MN";"47590";"6239178490390311";"vow@dapjovef.edu"
"63157BC531F3240F43F94A67E10D3D109A9FF9C2";"Trevor";"Benson";"Female";"11/19/1972";"Sosi Plaza";"Ulnenu";"VA";"31950";"5448102302773943";"rocaroz@ka.co.uk"
"6B445DC0EB111C26BC928E6C830D513FDB3F14AF";"Gary";"Hicks";"Female";"1/27/1963";"Himobe Terrace";"Dufmaalu";"FL";"62050";"5018609926225076";"fumpum@ni.co.uk"
"6B52F2D466447A0B00F30155C4EEC2FE313296CD";"Lura";"Salazar";"Female";"5/20/1991";"Mejjeb Terrace";"Romiwfek";"WV";"10304";"201437536474720";"favter@ev.org"
"6BB488B379B60D9B357A17CC34EECA85AE5C823A";"Glenn";"Delgado";"Female";"10/3/1965";"Mores Circle";"Wefgaru";"NY";"32042";"6373448759545822";"bu@ci.co.uk"
"6BBF177CC9F33D1D5A70B341410D3B65E797DC33";"Harriet";"Fox";"Female";"4/30/1954";"Fisow Path";"Ajuvawem";"IL";"2124";"6370916546911575";"sepkutwic@wonadunur.com"
"53D36D68FE64BFCB4DE90F04155813F784D5EB04";"Abbie";"Caldwell";"Male";"2/1/1997";"Giwa Loop";"Gelohek";"MO";"73284";"6334086053635390";"he@reluv.gov"
"696CEDD490E5FE5F2A3612920992DBC144E96054";"Leah";"Lynch";"Male";"6/3/1962";"Enowir Park";"Lebehu";"AZ";"79854";"201464603115507";"deh@pammooto.gov"
"588E93D88FF231575B0235833C4839C9EEA17251";"Erik";"Walton";"Female";"8/31/1992";"Wiela Junction";"Epkoco";"SD";"61715";"6334281349071753";"banipono@ej.edu"
"52B6CEA8F8A4371CE14710027AB8FE2D242C7512";"Jordan";"Steele";"Female";"4/9/1953";"Kumej Lane";"Nidataf";"MI";"38509";"30053179989721";"zecupet@wegkehke.gov"
"52FA3177E8A9E40DDD08A0CA755F2429F1D1B0BB";"Franklin";"Craig";"Female";"5/16/1985";"Moloro Place";"Eblawsot";"GA";"49081";"4903762792404753";"meder@pacsil.co.uk"
"53A83C92590F85E29E17741689EB4131B412D02F";"Chester";"Robbins";"Male";"5/11/1961";"Divniz Glen";"Fuadloc";"DE";"94602";"6207000419982077";"jopeva@ar.edu"
"6A501FBD8A481EFF4A621F40DC6E1183DF7F27D8";"Ethel";"Ellis";"Male";"8/1/1997";"Sija Glen";"Meuheji";"WI";"92922";"6304854337600001";"napigeke@lo.gov"
"72908F055B1DDAA474EBDA59FAB34F86BE0C1DA9";"Isabel";"Reese";"Female";"2/22/1989";"Latuf Glen";"Umnumhek";"NC";"13284";"6011359339020327";"wic@teho.gov"
"72B88D4256306C2B512EC99A5B13E2EE88C22BEF";"Warren";"Stevenson";"Female";"1/1/1999";"Onewu Plaza";"Womaah";"TX";"9753";"4026010857811245";"fa@acnaz.edu"
"73605B5DF517BDEDDE4F6DB631B86B776A8CA385";"Lulu";"Lucas";"Female";"4/14/1986";"Nicov Path";"Nibhuinu";"DC";"24625";"6304873118589324";"fuse@siz.org"
"73A3A65FBE18EF153E7C085497844CD347442359";"Martha";"Carter";"Male";"8/17/1996";"Kupfi Center";"Ukacihud";"WA";"69039";"348301917009477";"evesak@puparuve.org"
"73AA0927E60FC60DCC8545AE18FF03ADB0928854";"Floyd";"McKinney";"Male";"10/18/1981";"Jetpo Glen";"Wehepti";"CA";"74289";"5018708107073907";"ja@felgovpus.com"
"665806270B5564546BE7A045E97A6CCBDD97B8EE";"Johnny";"Cooper";"Female";"5/13/1981";"Lodbo Street";"Kupila";"NY";"88829";"6334132514350342";"vih@celizem.co.uk"
"670555023874212B8C6FAB1C956A297AAEF74F7A";"Inez";"Hamilton";"Female";"9/3/1972";"Rumpo Center";"Fenakem";"MS";"92188";"201462220808835";"pa@bu.org"
"67E0751313F729499641AC8DA730C4B1E55E03F7";"Lena";"Farmer";"Female";"11/11/1999";"Efoez Key";"Bilovi";"ND";"6063";"3528722779874375";"ukeabaziw@hemu.gov"
"782D60B8F5FB7FC5928ADE7AFAC45B47D5D1D756";"Gordon";"Patton";"Female";"6/1/1962";"Punob Trail";"Ekdatez";"NV";"87813";"5475928602011667";"uj@fipepo.co.uk"
"7B1DE76AD8BE24C41C427BE9F9A8CBEB66B6D85F";"Gilbert";"Gordon";"Female";"4/18/1961";"Wipda Pike";"Ohguajo";"PA";"60281";"343899935267790";"aw@korijugi.co.uk"
"7B2C7CA41E226E8B2AD3B13197E85CAF152C716F";"Loretta";"Nelson";"Male";"12/3/1976";"Ukwo Way";"Ridgaes";"WV";"73772";"4903889005033952";"tuib@te.gov"
"7C05873DA205A855DE7120B7847CB413EF97C07E";"Nicholas";"Turner";"Male";"12/31/1974";"Rinrow Junction";"Cimfuoci";"WI";"45559";"3528750879819057";"gunnu@cel.gov"
"7CC04A224845293A1EBC1EF284475D5B12951D94";"Sam";"Maxwell";"Male";"12/19/1988";"Honif View";"Vusuni";"IN";"6556";"5018605946922080";"jo@od.org"
"6EDE71E82216B3C0ACECE56E9C2152AB247F862B";"Rena";"Watts";"Female";"10/12/1953";"Mihbav View";"Uvragit";"ND";"16974";"201468997324138";"licun@ruzuj.org"
"6F02E79E88B25283E2A8DCDD176693BD59FCAE36";"Victor";"Wheeler";"Male";"6/23/1956";"Seuk Point";"Gunobgi";"LA";"50513";"6304949864926421";"cul@huwove.gov"
"6F3B9862CD37FC7CEE1A1CA1EFB3FC269B980C3A";"Gregory";"McCoy";"Male";"5/22/1989";"Fajiza Pass";"Fizrusof";"TN";"54414";"4026197211607896";"pavro@hilibke.edu"
"6F816F61869E08DBDB3075CCE3E15AE333297D2C";"Jim";"Vega";"Male";"1/22/1983";"Mahi Mill";"Nujicog";"IL";"18220";"6334805018795506";"se@gat.org"
"6FD0BC761DEF892A40A98216F9F654B03B109BEA";"Marcus";"Berry";"Female";"10/28/1982";"Dibfo Grove";"Isrucam";"MD";"68928";"4152307577548644";"beliel@ek.edu"
"6FEB8D0478C21FF7684E95B81DD2219F7E539EBA";"Ethan";"Wise";"Female";"4/1/1990";"Pokwo Glen";"Tojowuti";"OH";"91230";"3528205762431312";"cileniw@unug.com"
"704FD446CEAE9337714556396A3CBB2D34D169B9";"Clifford";"Palmer";"Male";"11/12/1953";"Citot Key";"Gukjejub";"NC";"10917";"36978572957145";"iveho@joom.edu"
"705571AB97BA75B459E4D701E41B671F7AD31F4B";"Danny";"Chapman";"Female";"4/13/1968";"Ikam Grove";"Cevdehku";"NE";"66808";"5195970485781726";"kijocafom@bedro.org"
"7097FB6B700D7C2B4DA023C8EB55FD683511D107";"Helena";"Francis";"Male";"5/5/1987";"Vuvsi Pike";"Ocoremo";"MO";"10678";"3528826635040624";"riak@go.gov"
"70B52ADA7FAB4FB9295F3D7F2BAEE025C8A56D34";"Hettie";"Thornton";"Male";"7/29/1980";"Piwpa Square";"Abwocfo";"WI";"88341";"6294855614956620";"hisgegof@zaizora.com"
"71A7362EFB4E6B1A505B0E3FBA482FC639102B7C";"Isabelle";"Douglas";"Male";"12/10/1974";"Zuzo Loop";"Bidoadi";"NH";"37196";"5018885919139165";"laoma@ju.edu"
"71C82DE826CC94C80747F2374A16E813BF7AA200";"Milton";"Brady";"Female";"6/6/1998";"Mosu Court";"Amvahra";"RI";"40498";"345858163900173";"cefmawid@fe.org"
"644A5E037209542E26D66DDEF486D76696EBB0E7";"Callie";"Lyons";"Male";"6/11/1955";"Itivaj Loop";"Vowlilaz";"AL";"1507";"346828430805918";"fewo@vigveg.org"
"793EE4B81FBB121F38AC98D12E578BF80E4325A4";"Rosa";"Butler";"Male";"4/8/1999";"Fowfaz Drive";"Rucetli";"MA";"68039";"6334574292728522";"mo@wepu.co.uk"
"7E64F600FE677C25A6E6BD7295CDF1A9B41EBBC7";"Georgia";"Parker";"Male";"6/8/1965";"Pepreh Grove";"Tiidruf";"DC";"45807";"5470389423632741";"ehwutote@te.co.uk"
"7EC9E13A95F173CF84CF821CA7EAADDDFF53BD67";"Grace";"Peterson";"Male";"6/26/1979";"Zinom Terrace";"Rokonvo";"AR";"93466";"347215190904066";"jum@ukdu.org"
"846FB6D49405DE3787C8704E01B669731270B865";"Jesus";"Perry";"Female";"9/21/1993";"Kofme Turnpike";"Uwciwpa";"ME";"90315";"6011345387601514";"ewedefaz@jipsom.edu"
"7DA8C6B77C782ADDA9271A11FF808EBC7E40D92F";"Antonio";"Matthews";"Female";"8/15/1980";"Uzoono Boulevard";"Jeknoro";"NE";"97025";"4026608468904299";"ut@neodo.co.uk"
"7DB419305216A04EF4A724A338487802C565E81D";"Raymond";"Cobb";"Male";"6/30/1961";"Teta Point";"Kavlege";"AZ";"35520";"3528916024907754";"pu@ho.org"
"7DC971867D22A5D9DA8E7318E6754D4BDE6BC088";"Gordon";"Moody";"Female";"8/21/1971";"Uzcok Park";"Domkejiv";"NY";"70073";"4850986546625537";"ler@jeuba.edu"
"7DE551C7B161332C860CA5DE9E8343B5A21CD718";"Barry";"Gutierrez";"Female";"12/22/1975";"Oswov Way";"Cutozwup";"UT";"90074";"4801835412326508";"oz@gubre.org"
"8052002C8A705FBFFFD4C4F48D9BCDA9F6CD4B06";"Francis";"Roberts";"Male";"10/11/1964";"Teef Drive";"Ijoatihim";"OR";"41019";"349650591777851";"dolul@uzeis.edu"
"8084EE01A3740D5E47F445FC46A059D36EDC86E3";"Ian";"Fox";"Male";"11/14/1958";"Igsiv Park";"Febizgif";"MD";"390";"201419662459154";"bihbil@zawdeluv.gov"
"81415C05A4326014BEB18F9A4F4BD6A15E140502";"Myrtle";"Huff";"Male";"6/9/1994";"Uvzik Square";"Unohojno";"WA";"53297";"4026950849003692";"tadaneh@ukesi.co.uk"
"8153B4007828D949DE8F502D61CAC320DA4008CE";"Carl";"Jones";"Female";"5/24/1963";"Nafo Avenue";"Jochenoc";"PA";"94252";"5163909657816579";"ekzeom@pucter.org"
"818C0CAF6FEFE1D7D9A33B52093CE8D5F0977BC2";"Emma";"Gregory";"Male";"11/19/1987";"Pataza Center";"Bohivlo";"KS";"26482";"5191515432472731";"cop@miemode.edu"
"81EFF322297CF00A686A1F98DED41BA904B3B39A";"Hulda";"Osborne";"Female";"11/11/1988";"Gugo Way";"Busoro";"OR";"9997";"5610778905642130";"tog@ovaotezo.edu"
"8D37AFE4237C0AACD85C47CC8FF88A5E840D81F2";"Willie";"McGee";"Male";"11/8/1983";"Urol Grove";"Kolmaafi";"TN";"86404";"30078568657720";"are@gaf.gov"
"8DB7F9204634FF6AB2CA3DC7CBB35693EEAA23C6";"Luella";"Newton";"Male";"8/3/1964";"Despul Way";"Jamfavzu";"OR";"34509";"30078768566366";"luddiw@sa.com"
"91CB10F7FBF1958D84C15BD1E19A6F2A339313EB";"Mable";"Underwood";"Male";"10/16/1999";"Kufnoj Point";"Guwrozec";"AK";"6845";"6011200835169384";"hiwot@kukmuasu.org"
"935CCFDF67B7BE6AE8A3FF2CF1FD4834F1D673A0";"Lester";"Simpson";"Male";"5/24/1976";"Ukawi Lane";"Fupozi";"FL";"65453";"201433445909054";"lo@uziwip.co.uk"
"7490A12B2F88F484FA411C225ABF05E89B54430F";"Matilda";"Sims";"Female";"7/25/1997";"Etera Turnpike";"Biwihes";"OK";"19859";"342394518025550";"emar@saduj.gov"
"8B62DE9CBD410F9CFFFF1F19907DDD789EBEC931";"Lily";"Greene";"Male";"7/31/1985";"Vafba Glen";"Sedizha";"ND";"59362";"6334052139039924";"duuro@sunovwa.edu"
"8BADD0B8B788B34B7767EB59F72BF57929779865";"Blanche";"Reed";"Male";"3/8/1966";"Zahpew Place";"Neglowjek";"AL";"47470";"6277251403709134";"nup@mothib.gov"
"8BFCA0E480AB48CE3ACF7AB1650F9C7D1F096714";"John";"Copeland";"Male";"3/1/1981";"Terrad Way";"Hihpiviv";"VA";"55938";"6011324443823487";"mom@nuk.gov"
"8C5E1240DE02D261683E0372052FC01F831524F5";"Derrick";"Dunn";"Male";"4/9/1969";"Ihwe Pike";"Koveku";"WV";"57873";"5453252841322140";"izieju@aki.co.uk"
"94A794B7AA1FCE16EC113B6BF5F63CA7EA7E6664";"Dollie";"Erickson";"Male";"6/4/1978";"Sukli Highway";"Beifvi";"NC";"25480";"3528339501974934";"zunaip@bucizsop.edu"
"94EA15C1138A0748BAA027B739EE0907786DF7C5";"Daniel";"Horton";"Female";"5/26/1985";"Laic Grove";"Lapekluz";"SC";"33769";"4903161344948997";"segaz@ubisisfaz.co.uk"
"A60367550355268371A4764CB1B2945CADFE3172";"Alfred";"Barber";"Male";"8/3/1975";"Lioha River";"Kefgisziz";"NY";"96838";"36798468456238";"mubahi@anowsa.gov"
"A637917C2B7369AA8928EB38769E8B191081DAA4";"Andrew";"McDaniel";"Male";"11/21/1976";"Karti Highway";"Roohub";"NC";"14495";"36866670273301";"volon@awela.com"
"8A295368145C7E638692F1D4A03A577E624ED282";"Rosetta";"Peterson";"Male";"10/10/1975";"Lihin Highway";"Rofhanu";"SD";"81876";"347136830507335";"jo@fibifibo.gov"
"8AA84344D723E526D1C50E3C4C52EF26375D5C0F";"Theodore";"Reese";"Male";"1/27/1992";"Lece Ridge";"Bubnofces";"WI";"94911";"201494404534713";"dofro@luk.co.uk"
"8AD6DF66C2B4CAE3B424A2DD3096C17A615BCB0D";"Mollie";"Huff";"Male";"2/11/1994";"Papuz Point";"Cucised";"IL";"76380";"341037075497081";"sugda@wet.gov"
"9905AD7537F087B706283A1C42B33CD7B39DD80F";"Hannah";"Wells";"Male";"7/8/1961";"Nage Pike";"Ijdiri";"FL";"60304";"343803734722344";"omigokber@fadol.gov"
"9A924E3314B530454859FB7724EF1A20244166ED";"Margaret";"Washington";"Female";"4/15/1996";"Cugci Center";"Ronoame";"AR";"43690";"5172376177783565";"fouj@ri.gov"
"9AA8E214E358F92B0E9D42F3175E66F7AC5A983D";"Angel";"Jennings";"Male";"8/24/1977";"Zefo Pike";"Tejzoof";"ND";"29632";"4026762854828453";"fag@geezi.edu"
"9D6AE15B85F253B3AC2D9AD2261EEB12127C68BE";"Bess";"Harmon";"Male";"3/29/1975";"Fursu Circle";"Diepivi";"MS";"97253";"5610631794715501";"petbe@maghak.org"
"9DA1E0FE8B7A144C774E5894CB39D24AC52F4706";"Eunice";"Nguyen";"Male";"2/6/1971";"Dotte Junction";"Fasdiziw";"MO";"51937";"6232231388133496";"gus@zuwuw.gov"
"A3001B5314E5CAF4AF0BC23CD59E16178F2A8ABF";"Noah";"Martinez";"Male";"8/29/1953";"Bemano Drive";"Egubisu";"KY";"25810";"6219198105449504";"boidicu@opuzu.org"
"A41FE256E28B9108B6C38458B924A4338B4A5BB8";"Harvey";"Webster";"Male";"9/13/1999";"Boho Square";"Ecetebnup";"CO";"95765";"5483494184840148";"gihulce@gidim.com"
"A48E1F7C3DA12F4D2C2AAC97EA103A917CDCDD0F";"Vera";"Ray";"Male";"12/30/1996";"Ehajot Path";"Hibiacu";"NY";"96966";"201496339555572";"eclo@gov.edu"
"9C152B075B3E016A8911C9C2436C8076C9F79641";"Nora";"Alvarez";"Female";"1/15/1969";"Reru Pike";"Wiktopeli";"CA";"12749";"4161643548889579";"taf@veze.edu"
"9C4997829E949B92DE00A8E26D222AB49AD1BC6E";"Mike";"Dean";"Female";"5/5/1966";"Maban Path";"Igikabu";"VA";"79837";"345883331186976";"tebme@mikzaz.edu"
"96F8081412119C6F16B742B963D57433ACE108B2";"Betty";"Gross";"Male";"7/2/1993";"Ehhi Manor";"Iweteob";"RI";"59705";"5018803081438802";"covnusez@bigoba.com"
"9847F2200D76EAAA42EBA60E39A453A711CBA484";"Arthur";"Watts";"Female";"11/11/1985";"Wobuw Place";"Aslonjun";"NC";"31584";"6213801869183815";"ecaevu@mitbavfo.edu"
"AC886736FF9A426D4900B74AB8348BA3393A8C7E";"Mario";"Matthews";"Female";"12/2/1961";"Jonti Heights";"Bulujbil";"ME";"31625";"30018418451247";"ti@kawe.edu"
"A73972BBD7CA91BA71EC2B4113D9FE7767CA0E2D";"Ruth";"Soto";"Male";"11/9/1982";"Josjog Turnpike";"Zinapgor";"MO";"72588";"4771663499999583";"hivwo@bu.edu"
"A74ACAA0BBB035A3229762A0592D160A0F54AC1D";"Pauline";"Carson";"Male";"4/7/1961";"Mufiw Lane";"Jifukpu";"GA";"26934";"5018023133112962";"ta@bofi.edu"
"A784BBB6A56387C0DA9C86D60008382435231653";"Leroy";"Hernandez";"Male";"2/8/1966";"Jalmas Glen";"Tubnereba";"PA";"31731";"4260790704715773";"ni@doj.com"
"A0DD1125AA2FDBB580AF0B05F63D663B8FD3434C";"Mollie";"Morrison";"Female";"3/21/1967";"Agsac View";"Kongided";"NJ";"18073";"6011718507162858";"uwajeep@vopojup.edu"
"A20ACD449A14D44F135DCA7F17820C09E71BCE14";"Francis";"Hogan";"Male";"1/12/1985";"Niato Ridge";"Jogjidsak";"CO";"67646";"4026952347877643";"hu@disubni.edu"
"B380E5ED8408C7518DC21F5F6331E8666FBE624D";"Louisa";"Reese";"Female";"3/2/1957";"Hegul Road";"Liokuha";"FL";"56579";"5610541838110165";"sunimeze@cantana.edu"
"B3DACA2350410864E2A4129D4266A68BF7ACCCE2";"Birdie";"Rogers";"Male";"4/29/1970";"Woini Court";"Ejefozel";"IL";"6542";"6011195376750388";"uroco@bi.edu"
"B3EBDA14B3219FC02B25D634D88600D766CB39D0";"Sophie";"Benson";"Female";"8/7/1954";"Erjem Point";"Ikgenpuv";"OK";"4260";"5018904621016973";"be@enlu.edu"
"A7E99E93A59C280067746733F546652C9CFD3792";"Elizabeth";"McDonald";"Male";"6/12/1969";"Vivaz Avenue";"Etcukru";"ME";"81724";"5101956672350683";"okfe@culjumo.gov"
"A8ADB5E9E0DDC57CD00E34EFA735B75925FE4EFF";"Dennis";"Mendoza";"Female";"5/26/1964";"Enota Park";"Sosodje";"MO";"3141";"6334158136580842";"ogoazezic@te.gov"
"AED0CA9E7D8D215E0DF3A12B7FD3781B306E1D57";"Sean";"Soto";"Female";"11/7/1988";"Haral Mill";"Kupelken";"MT";"6639";"6286927494779107";"nitevsu@gaznucca.co.uk"
"AEE395777E0299D3A0C323CC5FEB42F006FB2921";"Inez";"Vasquez";"Male";"6/30/1954";"Lacdu Lane";"Rekkafwom";"NJ";"68864";"4026673664233596";"hu@bulu.com"
"AFAF2FF1767E77B0E62C14EB05FCB8F4D94C0E5C";"Lester";"Gonzalez";"Female";"9/7/1993";"Sijo Key";"Vorsupro";"WY";"16184";"36551414849679";"tifail@ahnuaw.edu"
"B570DEAE3F0B0A580F6EFC3C1EC0AAF33D499CD0";"Augusta";"Wood";"Male";"9/21/1969";"Bumfe Boulevard";"Ovcenad";"VA";"12553";"348780553052836";"vo@reulcab.edu"
"B6D808873884A597C970EEAA6D479B2017C1DD68";"Curtis";"Webster";"Male";"9/19/1992";"Rugbin Extension";"Zafvotuvi";"CT";"12738";"4508276684736684";"wuw@ujaopauz.org"
"AFEA1DE8B80C87A93EA4DE71BD0383F88815DFE2";"Eugenia";"Poole";"Female";"5/4/1977";"Apure Park";"Ropmedid";"CT";"149";"5436109604130148";"betacfef@uvza.co.uk"
"AFF3ACBED3389CFBBD73359D895298E99772706E";"Lucille";"Johnston";"Male";"12/4/1982";"Meri Way";"Circegi";"OH";"58279";"6011506584938815";"nocgo@aforobrus.com"
"B06C6B4D37B6ACAA8DA993F2B97917BA87B8771D";"Rosetta";"Payne";"Male";"3/8/1953";"Rucvol Drive";"Jukechil";"ID";"74271";"6304028726593867";"ro@tutdi.gov"
"B1668EA5DBED065A75BC37826A713C42D9D453F2";"Virginia";"Graves";"Male";"7/17/1958";"Tince Highway";"Cimato";"CA";"1763";"6206243630830052";"vihew@ahi.com"
"BE0357AFBF14FE6A55EF69CA9D5358F63C5EFB65";"Essie";"Lloyd";"Female";"4/8/1997";"Sipew Center";"Owizethif";"IA";"80501";"5018292572759407";"cudseno@niz.org"
"BE3B56A5627181A1224556024B3D52B031A65BE4";"Manuel";"Reid";"Male";"11/18/1985";"Zuhin Path";"Amhagi";"DE";"55798";"5610414867381653";"vebeoja@onoret.gov"
"BE8DE6630F88D73AE428F643344172C602FD3423";"Howard";"Gomez";"Female";"4/3/1973";"Luak Park";"Gegzahon";"CA";"45104";"5610179260565265";"ri@nurvupo.gov"
"BF14CD8544FABBA3E6B1E664EF6776283F55BC57";"Mollie";"Hernandez";"Male";"10/10/1973";"Tofiv Circle";"Fepicem";"IL";"66423";"6375985234896500";"lofvo@gagwoh.edu"
"BF6F2C13FDB22EF2CEE12B467B0F0813891663B8";"Adam";"Newton";"Female";"11/6/1988";"Afepe Parkway";"Feakwi";"DC";"15961";"6372525277916311";"wuwhasad@araju.org"
"BFB636EB45126E700179D87125056E2B47C8859B";"Keith";"Underwood";"Male";"6/10/1972";"Dihmu Plaza";"Nejfirhen";"VT";"35940";"201496737178712";"hidvezgit@es.com"
"C0F5F601345FE6EFD4B46E3A669ADCB139221961";"Leo";"Warner";"Male";"4/27/1970";"Tuili Terrace";"Ebfilu";"AR";"33071";"4026470824313206";"dolo@orawoluvu.gov"
"C19FAACFE75A566322BBB899C51948DE50D4EAFA";"Duane";"Vargas";"Female";"11/4/1990";"Alisa Manor";"Zoogifif";"MS";"59997";"6298584626561386";"fuhcezdu@wez.org"
"C1D8C1ADFEED7C8696D91083E339FFF4BFCE1F1E";"Maude";"Cortez";"Male";"1/14/1997";"Wunu Loop";"Jikcigej";"ME";"99857";"6209354945655758";"kaohide@uwuenabun.org"
"C1ED4FB66F649C8F94E65A4F7EE2AE2EAA221B91";"Esther";"Hardy";"Male";"11/19/1970";"Fupag Court";"Gotwaod";"KY";"92565";"4603093079723498";"inime@juc.com"
"A9428C1BC1933D2721568C64BD078B94DADD75BE";"Fannie";"Wheeler";"Female";"2/5/1964";"Utruk Court";"Ukdaeba";"MT";"41172";"5424271377093426";"jagevep@ow.co.uk"
"AA94F0D457EFBE562B48BF0984B7D5BCF5753F17";"Genevieve";"Warner";"Female";"3/28/1975";"Niot Circle";"Dafjulef";"MO";"52180";"36421680598477";"oza@daz.co.uk"
"AAFAE8DF1E6BA3679CCEF38C06FDCDC2A0761F4E";"Mario";"Massey";"Female";"10/15/1986";"Riew Center";"Peokca";"KS";"26772";"5461690729562305";"sujtoeca@rar.edu"
"AB48DE954890E739AE6025A924FFAB629A470EA4";"Celia";"Manning";"Female";"3/27/1996";"Sevbac Center";"Gavaegi";"IN";"11209";"6304174507189291";"juakeoko@udadid.co.uk"
"ABA203D00D04A400C4BB248B211C09C3090FFEB3";"Leroy";"Carr";"Female";"7/27/1992";"Huih Circle";"Norkinif";"LA";"9508";"4903347312959351";"kuseliga@efosid.org"
"BA129766A6ED1454F2B4396CB21A4685211182B9";"Virginia";"Rodgers";"Female";"8/2/1986";"Fippe Boulevard";"Nuckako";"WY";"61978";"201457602806274";"simamu@zi.org"
"BA2DDB333115EDC6142C3535F55A3380202EA29B";"Minnie";"Silva";"Female";"4/17/1994";"Dicow Path";"Ukgifve";"GA";"82675";"6304397023766934";"utadu@heunoubi.co.uk"
"FA8FC9B2BDE23CDD42993F33C3EC7EBCF121AD6F";"James";"Myers";"Male";"9/3/1990";"Haew Mill";"Hebamseg";"NM";"30349";"3528927023759120";"detuaji@uv.co.uk"
"FADF803EFA54B18F8CA55A8966041F3B81A4C1C2";"Patrick";"Bryant";"Male";"6/29/1977";"Sawuz Pike";"Vualri";"AZ";"91542";"5018430593804188";"kuto@fibkahi.gov"
"FB38BD508F7B7618C2BB914A2FAE8FA2141F1880";"Mabel";"Carpenter";"Male";"9/2/1961";"Lelru Terrace";"Dokoczu";"MA";"85633";"201472141094704";"ehenso@jaik.org"
"FB87C8AAC5C65F4F3F05F19FD4BE49FC6BB7ACE0";"Eunice";"Turner";"Male";"11/14/1986";"Lezwo Terrace";"Lekasipu";"CO";"49437";"6304290423839056";"sabmomde@nirlekid.edu"
"BC8DB761B1EA60B514506D0BDC5CC33AF1CC1EC5";"Roy";"Spencer";"Female";"3/28/1983";"Ekpi Highway";"Kowceac";"ME";"18905";"6248862511254478";"vas@ju.co.uk"
"FBD6A728D4E0FDB315FAC4F2B5E85BEE72E7A808";"Roxie";"Adams";"Female";"11/30/1958";"Jasad Circle";"Pugamize";"CA";"1890";"5129627023563377";"lumokov@rofugej.gov"
"F307D19111196A44E8A7172CF30638B5E46AD6F1";"Mittie";"Johnston";"Male";"6/22/1969";"Nozab Street";"Cajzahot";"WI";"6181";"6371851992515662";"co@nebju.edu"
"F3F89B0FC212C2ADD8640375314CD6AA7705CEC1";"Carl";"Woods";"Male";"5/24/1980";"Zeza Court";"Keludi";"NV";"11973";"5018096588670460";"zodobag@irocicteb.com"
"EE2A47F87C6736D92CA21C7EE11E3DBC117887F6";"Marion";"Becker";"Female";"12/26/1973";"Ruput Heights";"Divilob";"DE";"30511";"5018588957035671";"lukfebpa@ok.gov"
"CABD82713A2FC9A5BC6D9A06F2E1502CF1FFDF03";"Emilie";"Ruiz";"Male";"9/26/1992";"Losjot Lane";"Hisulji";"DC";"80439";"4903692399472640";"egvu@fim.co.uk"
"CB45BE0FD33D21286BF3FFC760D8338339AB2D3E";"Allen";"Moss";"Female";"5/13/1971";"Panap Circle";"Ibikunan";"WI";"82645";"5147952345689306";"vaozeiwi@wiv.co.uk"
"CB68800311A9EC6611BF3DE865AA00D42FD2E8C1";"Nelle";"Cohen";"Male";"4/11/1993";"Nelbif Street";"Wuwaksuj";"MO";"98504";"30013925149210";"renudi@dobeutu.gov"
"B78D030BDCC11D25A4558B57F3701AA39709E969";"Sue";"Gordon";"Female";"11/27/1968";"Iljod Terrace";"Dijtede";"MI";"68787";"6334520995869295";"la@mevaza.co.uk"
"B8810A81D5505B3B159178119EF6CB8B8E07CAE8";"Lula";"Greer";"Male";"11/22/1994";"Paan Pike";"Gubvaci";"WI";"92037";"6378786428874478";"zozoj@na.edu"
"B8836D88D7A274087E029A163E7C9F3B4CE9B89E";"Josie";"Stevenson";"Female";"4/24/1971";"Livzec Manor";"Vazajim";"MA";"72444";"5018718693357366";"koor@mufmot.gov"
"E2E3BB7B010EFDE01B58794A9AE8A749240B1ABA";"Georgia";"Bryan";"Female";"11/8/1998";"Savwo Center";"Gijufkif";"CT";"65712";"6235865453261422";"cosruri@sanew.gov"
"E301A46DDCD6102E26408DDAA4F4E9EB4E075A31";"Mattie";"Wong";"Male";"7/27/1980";"Vaugo Avenue";"Guvulap";"KS";"84359";"4903144427938051";"uduso@zid.com"
"E357E580254F41E768A5BE2D052A3B0909EA0EED";"Winifred";"Myers";"Male";"4/24/1988";"Riej Key";"Vumifa";"MI";"76540";"5109427231047188";"vuh@tuta.com"
"E453F67E27F82B87F6CE01EE5B405283F79BFC7A";"Nellie";"Boone";"Female";"5/13/1982";"Sehebo Terrace";"Tanagsu";"GA";"45110";"5018671535940396";"ozonec@nifutjeb.edu"
"CC604BC9B9D28901EE8D6AD9A1CCE3556FD3E6F7";"Rosa";"Gomez";"Male";"5/15/1997";"Koru Street";"Mevezvoc";"KS";"7487";"6266503061507025";"hidwi@nuhah.co.uk"
"DA9C087E7EFE96CBEDB9425E303E13AAB86C52AB";"Laura";"Adkins";"Male";"11/3/1969";"Daje Circle";"Awkupdod";"DC";"33793";"6011877322919510";"dezoda@jipa.gov"
"DAF9AC1D0F5DFD1CF910DA7752E6BCDD3B3D71D1";"Helena";"Dixon";"Male";"3/8/1960";"Namfu Parkway";"Racucpar";"NJ";"89630";"6304912416054993";"jufvubru@pazhowunu.edu"
"DB0E0E36725A2C7592713938C84DDDF848EEB578";"Callie";"Murray";"Female";"4/24/1955";"Bojaho Plaza";"Ketabe";"MN";"13635";"5018420951899029";"rama@azuikbo.co.uk"
"F6257197AD8A71018E67DB7DF6E528097EEB597A";"Lois";"Sanders";"Female";"3/25/1986";"Liup Mill";"Paumoba";"HI";"74008";"36034273381100";"pavoc@bo.co.uk"
"B908556030BDB56974AC2614BBC149A58F3BDA18";"Jane";"Byrd";"Male";"2/10/1984";"Gegsi Road";"Zazerecu";"NV";"82002";"30064320155286";"alozujec@ro.edu"
"CF52F16DC10030D14DD190CC0DDE27BA32D81489";"Elnora";"Garrett";"Male";"11/14/1975";"Wubtin Key";"Ufiloevu";"KY";"89733";"5160813102162485";"udu@isurujcan.com"
"CF610136CC5F4D5821C07D5AC5FEAC0BB94A23A7";"Barbara";"Lewis";"Male";"12/9/1963";"Hetci Turnpike";"Wurejfa";"UT";"18184";"6304972870526613";"uru@cejjuw.com"
"CF672E5A77AD0E7EBD9A248F0350857FA691246A";"Ricardo";"Lloyd";"Female";"3/10/1953";"Liow Way";"Ucoeheduc";"VA";"74864";"4057744134084786";"lignajcel@viwme.edu"
"C2CC3A2491C047B84673BAC7D9E6CCA03C75BD42";"Nina";"Murphy";"Male";"5/26/1993";"Jago Street";"Kipkeju";"OR";"24218";"36632984631950";"id@ejunarip.com"
"E526C1829026CEE4D2305DA705DA6D09C387E27E";"Leo";"Holloway";"Male";"9/7/1987";"Givge Point";"Moifzi";"MA";"59038";"5142110187670190";"fizmu@guwehu.co.uk"
"E585B8129AF2D168A61A03F6F75EBE4E4AADE84C";"Herman";"Taylor";"Male";"9/21/1960";"Hamo Street";"Nutzuvu";"CO";"36164";"6375904159947818";"wukouwi@ire.org"
"D7C2CBFE34891B8154A79DCE3ACA6D77AEB4CB19";"Hattie";"Wheeler";"Female";"4/3/1957";"Dozkiv Ridge";"Mosacez";"KY";"27384";"6011803030712427";"magok@amlu.co.uk"
"DF825E8F1BCB043CED083A5A52F3EBACD6266062";"Travis";"Guerrero";"Female";"5/25/1954";"Cokag Junction";"Fihaho";"MO";"71209";"201409921679916";"ri@sile.co.uk"
"FF8FE002BF5243E2B9461D491D0A3A8902C12CF5";"Lela";"Moss";"Female";"1/1/1977";"Zuub River";"Otojeir";"CT";"11090";"3528727080216422";"beca@aca.co.uk"
"D07136CFB013D9AA2996A4BFCC0EDE4B809084EE";"Timothy";"Mathis";"Male";"2/21/1983";"Veti Drive";"Wihipinip";"CT";"7635";"4026503703310743";"zekagej@fanrapgub.com"
"D0F370A37272979EA38C616B5E719792F204AFB2";"Eliza";"Barrett";"Female";"3/2/1986";"Sidzer Square";"Ufebuhar";"NH";"29869";"4756331810121142";"vere@coganodu.gov"
"F7BE86F72D35C1B2AF432EED08A63719A90269E2";"Sylvia";"Valdez";"Male";"3/3/1975";"Ategi Trail";"Edamohut";"ME";"6088";"6011890215873660";"cihereg@bimaniki.co.uk"
"F82849E2AAEF0793B4BFE7AF117BB37E80230A63";"Jeffery";"Terry";"Female";"10/9/1981";"Unewot Parkway";"Nubinuw";"IL";"35738";"345995476972695";"ow@jor.gov"
"F90526D76B3F556391E7B50F44B5007F5B579B06";"Angel";"Klein";"Female";"3/9/1985";"Negki Lane";"Lousiv";"OR";"52918";"5189801530952921";"cufi@wavefe.com"
"F9240ADD482660E6866C4F8A8DA3A5026886C498";"Manuel";"Holmes";"Male";"10/13/1958";"Gifi Pass";"Nitrasi";"VA";"83148";"5401308950798620";"we@ovfut.edu"
"CDA4D8AB86EBD42467A11EDEA5088820BAC64588";"Lydia";"Francis";"Male";"8/3/1992";"Gegvi Road";"Garuja";"ND";"87381";"36204649738370";"elarov@gipana.co.uk"
"CE00664A94AC57AA7793E5C3EC5377A7CF3E1D11";"Christopher";"Sims";"Male";"8/24/1988";"Nogcu River";"Nipuzju";"MN";"96162";"6011710680273743";"jihifki@gatrudka.org"
"D5D11AFAAAA3691F8CC925693A60C9AFA1EBFCD3";"Mike";"Wilkins";"Female";"3/7/1982";"Zievi Plaza";"Unfawri";"MI";"77355";"5474099532502653";"ku@sepa.gov"
"D9AED60209DD8553C44FC2B6A4EDC9858FF1C91E";"Lou";"Freeman";"Female";"5/8/1981";"Ribom Glen";"Ezouvta";"GA";"88680";"5428687820810353";"futeh@bukahlej.com"
"C397F23F0F9D6EDAE26726F97194E9F561A6BA57";"Arthur";"Jefferson";"Female";"3/20/1959";"Malic Circle";"Vihsusuk";"AR";"7960";"30098912060520";"nijvu@do.org"
"C3F2271C23B11BAFB620C8D94199511A454EFF07";"Evan";"Lloyd";"Female";"6/11/1955";"Gammah Path";"Vojafij";"CA";"1569";"6011229777223776";"ta@ug.co.uk"
"C40434397B1DF9B7391F0A691EB2F185251B2CBC";"Josie";"Hamilton";"Female";"2/16/1987";"Jezpe Center";"Naupfo";"UT";"92250";"6374095212461367";"suc@kane.gov"
"E79B5E32325FB3D864FFFDD4777DB0D284CDC6C8";"Wesley";"Keller";"Female";"11/1/1964";"Jiddi Parkway";"Pupbeta";"WV";"43367";"36985437340284";"buozuuwi@wirorneh.edu"
"D1396D605AD623217A95D684CC7E241B659956F1";"Zachary";"Jackson";"Female";"3/1/1967";"Hibi Boulevard";"Ciupjag";"NE";"64700";"5610582422382257";"hu@na.com"
"D19B1512FD2140848A894F43A121A36828027861";"Franklin";"Jimenez";"Male";"4/18/1962";"Gablo View";"Kiljinu";"IA";"95958";"36979909513262";"kimmero@fela.co.uk"
"D1D2EE90A3FEABCDE9BE00B2750B263466DB82E1";"Shawn";"Jennings";"Female";"11/17/1962";"Azwaw Boulevard";"Nivikgi";"NH";"67572";"3528474644406856";"urivuv@kabugton.com"
"D30EA4C6FCEAF4532694D3BDED1242E20CA897B6";"Mittie";"Gonzalez";"Female";"12/5/1956";"Kuzpiw Pass";"Renero";"SC";"13683";"6011501077609072";"su@di.org"
"D6330DE345E2E0AA5F54CAF33A8F417420C1F150";"Trevor";"Weber";"Male";"10/18/1998";"Guzos Park";"Zimsuwlu";"IL";"69771";"6304774064418932";"osza@hul.org"
"EFBC5D57E257887B0B22A69DB9D365F80652E7B6";"Nelle";"Shaw";"Female";"4/29/1961";"Fuhto Drive";"Sahehosoj";"KS";"71322";"5492170595453437";"dazle@le.edu"
"EBA05BEF4D583842D3F303E209F307DFF59F9C1C";"Francisco";"Schmidt";"Female";"9/18/1960";"Uvauba Place";"Itemura";"DE";"43206";"5110710991912171";"useohku@esa.edu"
"D74E93CC479379862BBA3695AD4176FE3EF4B6CF";"Margaret";"Jimenez";"Male";"2/23/1989";"Wowa Key";"Evtenpu";"AK";"39203";"4467386545882087";"robegu@defepo.co.uk"
"D33A388DE79BA498C97A41D068CF302B8F1DCCBD";"Alex";"Schmidt";"Female";"6/30/1952";"Izuis Lane";"Igupaca";"DE";"86702";"5610338526958777";"dahubi@sezonoli.com"
"D369CC6EEA4E8399A9527BAD4EF05697315047F3";"Marian";"Palmer";"Male";"12/21/1972";"Relzuv Boulevard";"Ofavzi";"IA";"90300";"6256209320829380";"hepep@enekan.edu"
"D3BA4DA7809A4C895EB29BFB3A72E77BB1ADA18B";"Fred";"Bryan";"Male";"11/8/1997";"Zesbe Extension";"Bogokepi";"NV";"7452";"6304308207805273";"buomton@wa.org"
"D45EDB907A3618A6C3A9414524CC654CE6E2DC8E";"Vincent";"Mills";"Female";"1/15/1983";"Ucvav Grove";"Turguvav";"AR";"39392";"6011349837115166";"tut@oh.edu"
"D4C80B2083E452599387FF3A4CE2B3D27BA7DD92";"Jay";"Miller";"Male";"7/18/1981";"Palru Center";"Olazizso";"NC";"92293";"30023273357893";"vespe@ijusaeli.gov"
"C4EF1DF9DB53ED294B9B522600BF47DF29188CE8";"Philip";"Bradley";"Female";"2/26/1984";"Kuhuh Junction";"Mozohon";"IL";"52114";"343685851752364";"pene@we.edu"
"C528F14C0EA7031122B00F77EFBE8A65F1FE091E";"Jim";"Fields";"Male";"11/20/1981";"Ozuami Manor";"Sinfawov";"OH";"21794";"6374628026734668";"totpazut@le.edu"
"BC079F0488015423D2C2AD1C943D12688C8D7DC8";"Mollie";"Barnett";"Male";"7/27/1960";"Cenvul Key";"Korsegesu";"AL";"85252";"6334054770404748";"pun@izke.edu"
"E8772B1D1D675E449230AD594027786C2366A7BE";"Bryan";"Murphy";"Male";"11/25/1987";"Pukme Trail";"Zobvokpa";"MI";"34548";"3528944972967224";"piapu@ewesup.co.uk"
"DCD1F4F7C299697FE98405DB8C75B595EE42ECA7";"Beatrice";"Howard";"Male";"6/7/1959";"Jopah Way";"Rodhituw";"MO";"79797";"4026350306784944";"kod@hoawak.gov"
"DCD698CD67D4660F3476D9B88C7240B621EF56B2";"Christina";"Tyler";"Male";"3/1/1999";"Reoka Road";"Dafrowep";"CT";"12002";"6376271748210390";"ruva@tordaef.gov"
"DCE92569216528F62AA2998E9D894B852E084177";"Lloyd";"Washington";"Male";"1/10/1981";"Voge Trail";"Dapraobo";"OH";"84056";"5610706776213020";"simi@fezele.edu"
"FA07FA153CD1C7F7F3FC59C5D10378E3EAD15CBA";"Myrtle";"Dean";"Male";"9/3/1971";"Ditbib Square";"Buvrodek";"MA";"35041";"347919823011047";"owazo@fuv.com"
"C812736DA4C3C6588EB0C09329834FB6DC2542E5";"Mary";"Carroll";"Male";"12/9/1955";"Idoono Center";"Konevu";"MT";"20035";"4845809839034399";"madvuh@oco.org"
"C84B6373D0DFF6CA3E619EAB3E2AF9FF0422AB15";"Lulu";"West";"Female";"10/27/1960";"Idwe Trail";"Tivukfo";"TX";"75214";"6204927347073665";"vijlugan@vimom.org"
"C87A7FF7AC2E505EF5352BB2EE4F668A2CBD8150";"Barbara";"Carson";"Female";"10/24/1993";"Avur Heights";"Jekujhit";"HI";"16883";"5471218381213906";"usafozema@gaggilcis.co.uk"
